scenario,epoch,days,points,active_days,double_days,xp,xp_cap_level,active_before,active_after,highest,reason,multiplier,tskr_epoch_new,tskr_epoch_old
full,1,1-7,1050,7,7,1050,2,1,2,2,promoted,1.2,105.0,118.0
full,2,8-14,1050,7,7,2100,3,2,3,3,promoted,1.5,126.0,145.5
full,3,15-21,1050,7,7,3150,3,3,3,3,kept,1.5,157.5,157.5
full,4,22-28,1050,7,7,4200,4,3,4,4,promoted,1.8,157.5,177.0
full,5,29-35,1050,7,7,5250,4,4,4,4,kept,1.8,189.0,189.0
full,6,36-42,1050,7,7,6300,4,4,4,4,kept,1.8,189.0,189.0
full,7,43-49,1050,7,7,7350,4,4,4,4,kept,1.8,189.0,189.0
full,8,50-56,1050,7,7,8400,5,4,5,5,promoted,2.2,189.0,227.0
full,9,57-63,1050,7,7,9450,5,5,5,5,kept,2.2,231.0,231.0
full,10,64-70,1050,7,7,10500,5,5,5,5,kept,2.2,231.0,231.0
full,11,71-77,1050,7,7,11550,5,5,5,5,kept,2.2,231.0,231.0
full,12,78-84,1050,7,7,12600,5,5,5,5,kept,2.2,231.0,231.0
full,13,85-91,1050,7,7,13650,5,5,5,5,kept,2.2,231.0,231.0
full,14,92-98,1050,7,7,14700,5,5,5,5,kept,2.2,231.0,231.0
no_sleep,1,1-7,700,7,0,700,2,1,2,2,promoted,1.2,70.0,76.0
no_sleep,2,8-14,700,7,0,1400,2,2,2,2,kept,1.2,84.0,84.0
no_sleep,3,15-21,700,7,0,2100,3,2,3,3,promoted,1.5,84.0,105.0
no_sleep,4,22-28,700,7,0,2800,3,3,3,3,kept,1.5,105.0,105.0
no_sleep,5,29-35,700,7,0,3500,3,3,3,3,kept,1.5,105.0,105.0
no_sleep,6,36-42,700,7,0,4200,4,3,4,4,promoted,1.8,105.0,126.0
no_sleep,7,43-49,700,7,0,4900,4,4,4,4,kept,1.8,126.0,126.0
no_sleep,8,50-56,700,7,0,5600,4,4,4,4,kept,1.8,126.0,126.0
no_sleep,9,57-63,700,7,0,6300,4,4,4,4,kept,1.8,126.0,126.0
no_sleep,10,64-70,700,7,0,7000,4,4,4,4,kept,1.8,126.0,126.0
no_sleep,11,71-77,700,7,0,7700,5,4,4,4,kept,1.8,126.0,138.0
no_sleep,12,78-84,700,7,0,8400,5,4,4,4,kept,1.8,126.0,154.0
no_sleep,13,85-91,700,7,0,9100,5,4,4,4,kept,1.8,126.0,154.0
no_sleep,14,92-98,700,7,0,9800,5,4,4,4,kept,1.8,126.0,154.0
intermittent,1,1-7,500,4,2,500,2,1,2,2,promoted,1.2,50.0,52.0
intermittent,2,8-14,500,4,2,1000,2,2,2,2,kept,1.2,60.0,60.0
intermittent,3,15-21,500,4,2,1500,3,2,3,3,promoted,1.5,60.0,63.0
intermittent,4,22-28,500,4,2,2000,3,3,3,3,kept,1.5,75.0,75.0
intermittent,5,29-35,500,4,2,2500,3,3,3,3,kept,1.5,75.0,75.0
intermittent,6,36-42,500,4,2,3000,3,3,3,3,kept,1.5,75.0,75.0
intermittent,7,43-49,500,4,2,3500,3,3,3,3,kept,1.5,75.0,75.0
intermittent,8,50-56,500,4,2,4000,4,3,3,3,kept,1.5,75.0,90.0
intermittent,9,57-63,500,4,2,4500,4,3,3,3,kept,1.5,75.0,90.0
intermittent,10,64-70,500,4,2,5000,4,3,3,3,kept,1.5,75.0,90.0
intermittent,11,71-77,500,4,2,5500,4,3,3,3,kept,1.5,75.0,90.0
intermittent,12,78-84,500,4,2,6000,4,3,3,3,kept,1.5,75.0,90.0
intermittent,13,85-91,500,4,2,6500,4,3,3,3,kept,1.5,75.0,90.0
intermittent,14,92-98,500,4,2,7000,4,3,3,3,kept,1.5,75.0,90.0
weekend,1,1-7,300,2,2,300,1,1,1,1,kept,1,30.0,30.0
weekend,2,8-14,300,2,2,600,2,1,2,2,promoted,1.2,30.0,34.0
weekend,3,15-21,300,2,2,900,2,2,2,2,kept,1.2,36.0,36.0
weekend,4,22-28,300,2,2,1200,2,2,2,2,kept,1.2,36.0,36.0
weekend,5,29-35,300,2,2,1500,3,2,2,2,kept,1.2,36.0,37.5
weekend,6,36-42,300,2,2,1800,3,2,2,2,kept,1.2,36.0,45.0
weekend,7,43-49,300,2,2,2100,3,2,2,2,kept,1.2,36.0,45.0
weekend,8,50-56,300,2,2,2400,3,2,2,2,kept,1.2,36.0,45.0
weekend,9,57-63,300,2,2,2700,3,2,2,2,kept,1.2,36.0,45.0
weekend,10,64-70,300,2,2,3000,3,2,2,2,kept,1.2,36.0,45.0
weekend,11,71-77,300,2,2,3300,3,2,2,2,kept,1.2,36.0,45.0
weekend,12,78-84,300,2,2,3600,4,2,2,2,kept,1.2,36.0,46.5
weekend,13,85-91,300,2,2,3900,4,2,2,2,kept,1.2,36.0,54.0
weekend,14,92-98,300,2,2,4200,4,2,2,2,kept,1.2,36.0,54.0
long_break,1,1-7,1050,7,7,1050,2,1,2,2,promoted,1.2,105.0,118.0
long_break,2,8-14,1050,7,7,2100,3,2,3,3,promoted,1.5,126.0,145.5
long_break,3,15-21,1050,7,7,3150,3,3,3,3,kept,1.5,157.5,157.5
long_break,4,22-28,1050,7,7,4200,4,3,4,4,promoted,1.8,157.5,177.0
long_break,5,29-35,1050,7,7,5250,4,4,4,4,kept,1.8,189.0,189.0
long_break,6,36-42,1050,7,7,6300,4,4,4,4,kept,1.8,189.0,189.0
long_break,7,43-49,1050,7,7,7350,4,4,4,4,kept,1.8,189.0,189.0
long_break,8,50-56,1050,7,7,8400,5,4,5,5,promoted,2.2,189.0,227.0
long_break,9,57-63,0,0,0,8400,5,5,4,5,demoted,1.8,0.0,0.0
long_break,10,64-70,0,0,0,8400,5,4,3,5,demoted,1.5,0.0,0.0
long_break,11,71-77,0,0,0,8400,5,3,2,5,demoted,1.2,0.0,0.0
long_break,12,78-84,0,0,0,8400,5,2,1,5,demoted,1,0.0,0.0
long_break,13,85-91,0,0,0,8400,5,1,1,5,kept,1,0.0,0.0
long_break,14,92-98,1050,7,7,9450,5,1,5,5,restored,2.2,105.0,231.0
comeback,1,1-7,1050,7,7,1050,2,1,2,2,promoted,1.2,105.0,118.0
comeback,2,8-14,1050,7,7,2100,3,2,3,3,promoted,1.5,126.0,145.5
comeback,3,15-21,1050,7,7,3150,3,3,3,3,kept,1.5,157.5,157.5
comeback,4,22-28,1050,7,7,4200,4,3,4,4,promoted,1.8,157.5,177.0
comeback,5,29-35,1050,7,7,5250,4,4,4,4,kept,1.8,189.0,189.0
comeback,6,36-42,1050,7,7,6300,4,4,4,4,kept,1.8,189.0,189.0
comeback,7,43-49,1050,7,7,7350,4,4,4,4,kept,1.8,189.0,189.0
comeback,8,50-56,1050,7,7,8400,5,4,5,5,promoted,2.2,189.0,227.0
comeback,9,57-63,0,0,0,8400,5,5,4,5,demoted,1.8,0.0,0.0
comeback,10,64-70,0,0,0,8400,5,4,3,5,demoted,1.5,0.0,0.0
comeback,11,71-77,0,0,0,8400,5,3,2,5,demoted,1.2,0.0,0.0
comeback,12,78-84,0,0,0,8400,5,2,1,5,demoted,1,0.0,0.0
comeback,13,85-91,750,5,5,9150,5,1,4,5,restored,1.8,75.0,165.0
comeback,14,92-98,1050,7,7,10200,5,4,5,5,restored,2.2,189.0,231.0
