day,steps_claims,sleep_claims,emitted_tskr,cum_emitted,avg_level,tournament_staked,tournament_paid_out,treasury_remainder,cum_sink
1,55,38,740,740,1.00,0,0,0,0
2,60,36,780,1520,1.00,0,0,0,0
3,59,39,785,2305,1.08,0,0,0,0
4,60,43,836,3141,1.34,0,0,0,0
5,62,43,910,4051,1.47,0,0,0,0
6,55,42,858,4909,1.57,1450,1448,2,2
7,55,38,852,5761,1.69,0,0,0,2
8,54,44,889,6650,1.76,0,0,0,2
9,61,46,985,7635,1.79,0,0,0,2
10,62,45,997,8632,1.81,0,0,0,2
11,53,41,879,9511,1.93,0,0,0,2
12,61,39,995,10506,2.03,0,0,0,2
13,61,43,1060,11566,2.08,2000,1996,6,8
14,44,43,871,12437,2.12,0,0,0,8
15,57,42,1035,13472,2.16,0,0,0,8
16,66,40,1147,14619,2.21,0,0,0,8
17,59,43,1089,15708,2.21,0,0,0,8
18,53,37,967,16674,2.25,0,0,0,8
19,61,41,1115,17789,2.35,0,0,0,8
20,58,43,1101,18890,2.41,2000,1999,7,15
21,60,41,1099,19989,2.50,0,0,0,15
22,52,39,1030,21019,2.55,0,0,0,15
23,61,44,1185,22203,2.61,0,0,0,15
24,59,44,1165,23368,2.64,0,0,0,15
25,60,33,1115,24483,2.68,0,0,0,15
26,55,43,1126,25608,2.74,0,0,0,15
27,59,41,1184,26792,2.79,2000,2000,7,22
28,67,38,1289,28081,2.90,0,0,0,22
29,60,49,1324,29405,2.97,0,0,0,22
30,61,39,1271,30676,3.01,0,0,0,22
